{"stats":{"minecraft:mined":{"minecraft:tall_grass":1},"minecraft:picked_up":{"minecraft:leather_chestplate":1,"minecraft:cooked_beef":1,"deep_dark_regrowth:ancient_illusioner_mask_helmet":1,"dedsafio_3:taxi":14,"deep_dark_regrowth:anniversary_boombox_item":2,"minecraft:wooden_hoe":1,"minecraft:iron_axe":1,"minecraft:light_gray_concrete":4,"minecraft:stone_sword":1,"deep_dark_regrowth:omnitrident":1,"minecraft:chainmail_leggings":1,"minecraft:iron_ingot":32,"dedsafio_3:batidora_legendaria":1,"minecraft:stone_pickaxe":1,"deep_dark_regrowth:awareness_glasses_helmet":1,"minecraft:chainmail_helmet":1,"minecraft:player_head":1,"minecraft:rooted_dirt":4,"deep_dark_regrowth:void_collar_chestplate":1,"dedsafio_3:brocoli":1,"minecraft:iron_boots":1},"minecraft:used":{"minecraft:moss_block":9,"deep_dark_regrowth:void_collar_chestplate":1,"deep_dark_regrowth:warden_helmet":1,"yungscavebiomes:prickly_peach":1,"yungscavebiomes:prickly_peach_cactus":2,"minecraft:light_gray_concrete":7,"minecraft:grass_block":39,"minecraft:rooted_dirt":10,"deep_dark_regrowth:ancient_illusioner_mask_helmet":2,"yungscavebiomes:ancient_sand":1,"dedsafio_3:batidora_legendaria":4,"deep_dark_regrowth:ancient_leggings":1,"deep_dark_regrowth:sculk_parasite_spawn_egg":2,"minecraft:player_head":3,"deep_dark_regrowth:tentacle_lamp_spawn_egg":1,"yungscavebiomes:ice_cube_spawn_egg":1,"deep_dark_regrowth:yellow_neon_lamp_off":3,"deep_dark_regrowth:ancient_boots":1,"minecraft:bedrock":1,"dedsafio_3:maza":21,"deep_dark_regrowth:void_breaker":2,"dedsafio_3:taxi":13,"yungscavebiomes:sand_snapper_spawn_egg":1,"deep_dark_regrowth:ancient_chestplate":1,"dedsafio_3:stone_plyaer":1,"dedsafio_3:infernal_sword":12,"deep_dark_regrowth:soul_key_awake_spawn_egg":1,"minecraft:coarse_dirt":4,"dedsafio_3:fogata_spawn_egg":1,"deep_dark_regrowth:awareness_glasses_helmet":1},"minecraft:killed":{"dedsafio_3:rana_gigante":3,"minecraft:skeleton":1,"minecraft:zombie":7,"dedsafio_3:fogata":3,"dedsafio_3:medusa":1,"dedsafio_3:esquelo_dog":1,"yungscavebiomes:ice_cube":1,"minecraft:warden":1,"yungscavebiomes:sand_snapper":1},"minecraft:custom":{"minecraft:time_since_rest":40977,"minecraft:sprint_one_cm":9867,"minecraft:damage_taken":58,"minecraft:walk_one_cm":93331,"minecraft:mob_kills":19,"minecraft:drop":41,"minecraft:damage_dealt":2509,"minecraft:fly_one_cm":78211,"minecraft:player_kills":4,"minecraft:crouch_one_cm":1109,"minecraft:play_time":47331,"minecraft:deaths":1,"minecraft:sneak_time":571,"minecraft:walk_under_water_one_cm":543,"minecraft:jump":110,"minecraft:walk_on_water_one_cm":406,"minecraft:time_since_death":40947,"minecraft:total_world_time":47331,"minecraft:fall_one_cm":838},"minecraft:dropped":{"minecraft:iron_ingot":96,"minecraft:leather_chestplate":4,"minecraft:shield":3,"minecraft:cooked_beef":129,"minecraft:stone_sword":4,"dedsafio_3:brocoli":1,"minecraft:iron_boots":4,"dedsafio_3:sc_3":1,"minecraft:iron_axe":4,"deep_dark_regrowth:ancient_illusioner_mask_helmet":1,"minecraft:stone_pickaxe":4,"minecraft:chainmail_leggings":4,"minecraft:chainmail_helmet":4}},"DataVersion":3465}