{"stats":{"minecraft:picked_up":{"deep_dark_regrowth:omnitrident":1,"deep_dark_regrowth:ancient_illusioner_mask_helmet":1,"dedsafio_3:taxi":14,"deep_dark_regrowth:anniversary_boombox_item":1,"dedsafio_3:batidora_legendaria":1,"deep_dark_regrowth:awareness_glasses_helmet":1,"minecraft:player_head":1,"dedsafio_3:brocoli":1,"deep_dark_regrowth:void_collar_chestplate":1},"minecraft:used":{"dedsafio_3:maza":21,"deep_dark_regrowth:void_collar_chestplate":1,"dedsafio_3:taxi":13,"minecraft:grass_block":30,"deep_dark_regrowth:ancient_illusioner_mask_helmet":1,"dedsafio_3:stone_plyaer":1,"dedsafio_3:batidora_legendaria":4,"deep_dark_regrowth:tentacle_lamp_spawn_egg":1,"deep_dark_regrowth:awareness_glasses_helmet":1,"deep_dark_regrowth:yellow_neon_lamp_off":3,"minecraft:player_head":3},"minecraft:killed":{"dedsafio_3:rana_gigante":2,"minecraft:skeleton":1,"minecraft:warden":1,"minecraft:zombie":7},"minecraft:custom":{"minecraft:time_since_rest":10977,"minecraft:crouch_one_cm":887,"minecraft:play_time":17331,"minecraft:sprint_one_cm":5898,"minecraft:walk_one_cm":50170,"minecraft:damage_taken":30,"minecraft:deaths":1,"minecraft:sneak_time":289,"minecraft:mob_kills":11,"minecraft:drop":3,"minecraft:jump":57,"minecraft:damage_dealt":2220,"minecraft:time_since_death":10947,"minecraft:total_world_time":17331,"minecraft:player_kills":1,"minecraft:fall_one_cm":569,"minecraft:fly_one_cm":24480},"minecraft:dropped":{"dedsafio_3:sc_3":1,"deep_dark_regrowth:ancient_illusioner_mask_helmet":1,"dedsafio_3:brocoli":1}},"DataVersion":3465}