{"stats":{"minecraft:killed_by":{"minecraft:player":6,"dedsafio_3:rana_gigante":1},"minecraft:mined":{"minecraft:dark_oak_planks":1,"minecraft:dark_oak_leaves":3,"minecraft:dark_oak_log":64,"minecraft:crafting_table":2,"minecraft:grass_block":4,"minecraft:poppy":1,"minecraft:tall_grass":5,"minecraft:rooted_dirt":2,"minecraft:wall_torch":1,"minecraft:hay_block":57,"minecraft:tall_seagrass":1,"minecraft:coarse_dirt":1,"minecraft:furnace":1,"minecraft:iron_ore":6,"minecraft:anvil":1,"minecraft:grass":27,"minecraft:coal_ore":2,"minecraft:dirt_path":1,"minecraft:light_gray_concrete":11,"minecraft:stone":16},"minecraft:picked_up":{"minecraft:coarse_dirt":1,"minecraft:crafting_table":2,"minecraft:leather_chestplate":4,"minecraft:cooked_beef":64,"minecraft:anvil":1,"dedsafio_3:taxi":6,"minecraft:leather":1,"dedsafio_3:cetro_ancestral":1,"minecraft:gunpowder":2,"deep_dark_regrowth:mossy_fluorite":2,"minecraft:shield":2,"minecraft:wooden_hoe":1,"minecraft:dirt":5,"minecraft:string":1,"minecraft:iron_axe":2,"minecraft:wheat_seeds":8,"minecraft:iron_ingot":65,"minecraft:beef":3,"minecraft:stone_pickaxe":2,"minecraft:iron_boots":2,"minecraft:furnace":1,"minecraft:raw_iron":6,"deep_dark_regrowth:ancient_illusioner_mask_helmet":1,"deep_dark_regrowth:soul_key":1,"deep_dark_regrowth:anniversary_boombox_item":3,"dedsafio_3:alma_golem":1,"minecraft:torch":1,"minecraft:dandelion":1,"minecraft:dark_oak_log":64,"minecraft:dark_oak_planks":2,"minecraft:light_gray_concrete":6,"minecraft:stone_sword":3,"minecraft:rotten_flesh":2,"minecraft:chainmail_leggings":4,"minecraft:hay_block":57,"minecraft:chainmail_helmet":3,"minecraft:rooted_dirt":2,"minecraft:coal":4,"minecraft:cobblestone":16},"minecraft:killed":{"deep_dark_regrowth:soul_key_awake":1,"minecraft:iron_golem":1,"minecraft:creeper":1,"yungscavebiomes:sand_snapper":1,"deep_dark_regrowth:sculk_parasite":1,"minecraft:zombie":1,"dedsafio_3:infernal_bull":2,"dedsafio_3:creeper_cake":3,"dedsafio_3:taxi_23":1,"minecraft:cow":1},"minecraft:used":{"minecraft:water_bucket":29,"minecraft:stone_sword":35,"minecraft:stone_pickaxe":12,"minecraft:leather_chestplate":2,"minecraft:shield":39,"minecraft:iron_sword":80,"minecraft:chainmail_helmet":2,"minecraft:torch":3,"dedsafio_3:taxi":6,"minecraft:dirt":4,"minecraft:crafting_table":2,"minecraft:dark_oak_planks":79,"minecraft:wooden_hoe":60,"minecraft:light_gray_concrete":6,"minecraft:rooted_dirt":1,"minecraft:iron_axe":90,"minecraft:iron_pickaxe":25,"minecraft:iron_boots":2,"minecraft:cobblestone":16,"minecraft:bucket":30,"minecraft:cooked_beef":29,"minecraft:dandelion":1,"minecraft:chainmail_leggings":2},"minecraft:crafted":{"minecraft:crafting_table":1,"minecraft:iron_helmet":1,"minecraft:iron_sword":1,"minecraft:bucket":1,"minecraft:air":0,"minecraft:iron_chestplate":1,"minecraft:wooden_hoe":1,"minecraft:shield":1,"minecraft:stick":8,"minecraft:iron_ingot":2,"minecraft:iron_pickaxe":1,"minecraft:iron_leggings":1,"minecraft:torch":4,"minecraft:dark_oak_planks":256},"minecraft:custom":{"minecraft:interact_with_furnace":3,"minecraft:mob_kills":15,"minecraft:interact_with_crafting_table":2,"minecraft:leave_game":3,"minecraft:time_since_death":22526,"minecraft:time_since_rest":22558,"minecraft:sprint_one_cm":146941,"minecraft:damage_taken":5617,"minecraft:walk_one_cm":102741,"minecraft:damage_blocked_by_shield":2204,"minecraft:drop":25,"minecraft:damage_dealt":6318,"minecraft:damage_dealt_absorbed":80,"minecraft:swim_one_cm":24292,"minecraft:player_kills":9,"minecraft:fly_one_cm":236886,"minecraft:crouch_one_cm":3327,"minecraft:play_time":59777,"minecraft:deaths":12,"minecraft:sneak_time":1369,"minecraft:walk_under_water_one_cm":15883,"minecraft:jump":1156,"minecraft:walk_on_water_one_cm":9802,"minecraft:total_world_time":59777,"minecraft:fall_one_cm":51850},"minecraft:dropped":{"minecraft:wheat_seeds":5,"minecraft:stone_sword":1,"deep_dark_regrowth:soul_key":1,"minecraft:chainmail_helmet":2,"minecraft:stick":1,"dedsafio_3:alma_golem":1,"minecraft:leather_chestplate":3,"minecraft:wooden_hoe":2,"minecraft:beef":1,"minecraft:stone_pickaxe":1,"deep_dark_regrowth:anniversary_boombox_item":1,"deep_dark_regrowth:mossy_fluorite":2,"minecraft:chainmail_leggings":3,"minecraft:string":1}},"DataVersion":3465}