{"stats":{"minecraft:killed_by":{"minecraft:player":1,"dedsafio_3:rana_gigante":1},"minecraft:picked_up":{"dedsafio_3:cetro_ancestral":1,"deep_dark_regrowth:ancient_illusioner_mask_helmet":1},"minecraft:custom":{"minecraft:jump":6,"minecraft:time_since_rest":1306,"minecraft:damage_dealt":18,"minecraft:damage_taken":870,"minecraft:leave_game":2,"minecraft:play_time":4205,"minecraft:sprint_one_cm":2643,"minecraft:time_since_death":0,"minecraft:walk_one_cm":2989,"minecraft:deaths":3,"minecraft:sneak_time":4,"minecraft:total_world_time":4205,"minecraft:fly_one_cm":3198}},"DataVersion":3465}