{"stats":{"minecraft:killed_by":{"minecraft:player":5,"dedsafio_3:rana_gigante":1},"minecraft:mined":{"minecraft:dark_oak_leaves":3,"minecraft:dark_oak_log":64,"minecraft:crafting_table":1,"minecraft:grass_block":2,"minecraft:poppy":1,"minecraft:tall_grass":4,"minecraft:rooted_dirt":2,"minecraft:hay_block":57,"minecraft:tall_seagrass":1,"minecraft:coarse_dirt":1,"minecraft:anvil":1,"minecraft:grass":19,"minecraft:light_gray_concrete":11},"minecraft:picked_up":{"minecraft:coarse_dirt":1,"minecraft:crafting_table":1,"minecraft:leather_chestplate":3,"minecraft:cooked_beef":64,"minecraft:anvil":1,"minecraft:leather":1,"dedsafio_3:cetro_ancestral":1,"deep_dark_regrowth:mossy_fluorite":2,"minecraft:shield":2,"minecraft:wooden_hoe":1,"minecraft:dirt":2,"minecraft:string":1,"minecraft:iron_axe":2,"minecraft:wheat_seeds":4,"minecraft:iron_ingot":64,"minecraft:beef":2,"minecraft:stone_pickaxe":2,"minecraft:iron_boots":2,"deep_dark_regrowth:ancient_illusioner_mask_helmet":1,"deep_dark_regrowth:soul_key":1,"minecraft:dandelion":1,"minecraft:dark_oak_log":64,"minecraft:light_gray_concrete":6,"minecraft:stone_sword":3,"minecraft:chainmail_leggings":3,"minecraft:hay_block":57,"minecraft:chainmail_helmet":3,"minecraft:rooted_dirt":2},"minecraft:killed":{"deep_dark_regrowth:soul_key_awake":1,"deep_dark_regrowth:sculk_parasite":1,"minecraft:cow":1},"minecraft:used":{"minecraft:stone_sword":35,"minecraft:stone_pickaxe":12,"minecraft:leather_chestplate":2,"minecraft:shield":20,"minecraft:iron_sword":7,"minecraft:chainmail_helmet":2,"minecraft:dirt":2,"minecraft:crafting_table":1,"minecraft:dark_oak_planks":1,"minecraft:wooden_hoe":60,"minecraft:light_gray_concrete":6,"minecraft:rooted_dirt":1,"minecraft:iron_axe":73,"minecraft:iron_boots":2,"minecraft:cooked_beef":15,"minecraft:dandelion":1,"minecraft:chainmail_leggings":2},"minecraft:crafted":{"minecraft:crafting_table":1,"minecraft:iron_helmet":1,"minecraft:iron_sword":1,"minecraft:bucket":1,"minecraft:iron_chestplate":1,"minecraft:wooden_hoe":1,"minecraft:stick":8,"minecraft:iron_pickaxe":1,"minecraft:iron_leggings":1,"minecraft:dark_oak_planks":256},"minecraft:custom":{"minecraft:mob_kills":4,"minecraft:interact_with_crafting_table":1,"minecraft:leave_game":2,"minecraft:time_since_death":5133,"minecraft:time_since_rest":5186,"minecraft:sprint_one_cm":87146,"minecraft:damage_taken":4136,"minecraft:walk_one_cm":47222,"minecraft:damage_blocked_by_shield":1066,"minecraft:drop":9,"minecraft:damage_dealt":2518,"minecraft:swim_one_cm":13791,"minecraft:player_kills":3,"minecraft:fly_one_cm":149092,"minecraft:crouch_one_cm":674,"minecraft:play_time":30387,"minecraft:deaths":11,"minecraft:sneak_time":601,"minecraft:walk_under_water_one_cm":2830,"minecraft:jump":559,"minecraft:walk_on_water_one_cm":3801,"minecraft:total_world_time":30387,"minecraft:fall_one_cm":34352},"minecraft:dropped":{"minecraft:wheat_seeds":3,"minecraft:chainmail_helmet":1,"minecraft:leather_chestplate":1,"minecraft:wooden_hoe":2,"minecraft:chainmail_leggings":1,"minecraft:string":1}},"DataVersion":3465}