{"stats":{"minecraft:killed_by":{"minecraft:player":4,"dedsafio_3:rana_gigante":1},"minecraft:mined":{"minecraft:coarse_dirt":1,"minecraft:anvil":1,"minecraft:grass":16,"minecraft:grass_block":2,"minecraft:poppy":1,"minecraft:light_gray_concrete":11,"minecraft:tall_grass":3,"minecraft:rooted_dirt":2},"minecraft:picked_up":{"minecraft:coarse_dirt":1,"minecraft:leather_chestplate":2,"minecraft:cooked_beef":64,"minecraft:anvil":1,"deep_dark_regrowth:ancient_illusioner_mask_helmet":1,"deep_dark_regrowth:soul_key":1,"dedsafio_3:cetro_ancestral":1,"deep_dark_regrowth:mossy_fluorite":2,"minecraft:shield":2,"minecraft:string":1,"minecraft:dirt":2,"minecraft:iron_axe":2,"minecraft:light_gray_concrete":6,"minecraft:stone_sword":3,"minecraft:wheat_seeds":3,"minecraft:chainmail_leggings":2,"minecraft:iron_ingot":64,"minecraft:stone_pickaxe":2,"minecraft:chainmail_helmet":2,"minecraft:rooted_dirt":2,"minecraft:iron_boots":2},"minecraft:used":{"minecraft:stone_sword":15,"minecraft:light_gray_concrete":6,"minecraft:iron_axe":1,"minecraft:rooted_dirt":1,"minecraft:stone_pickaxe":12,"minecraft:shield":1,"minecraft:leather_chestplate":2,"minecraft:chainmail_helmet":2,"minecraft:iron_boots":2,"minecraft:dirt":2,"minecraft:cooked_beef":6,"minecraft:chainmail_leggings":2},"minecraft:killed":{"deep_dark_regrowth:sculk_parasite":1,"deep_dark_regrowth:soul_key_awake":1},"minecraft:custom":{"minecraft:time_since_rest":5260,"minecraft:sprint_one_cm":41924,"minecraft:damage_taken":2280,"minecraft:walk_one_cm":29714,"minecraft:damage_blocked_by_shield":35,"minecraft:mob_kills":3,"minecraft:drop":4,"minecraft:damage_dealt":969,"minecraft:swim_one_cm":8576,"minecraft:fly_one_cm":77081,"minecraft:player_kills":1,"minecraft:crouch_one_cm":160,"minecraft:play_time":18387,"minecraft:deaths":8,"minecraft:sneak_time":325,"minecraft:walk_under_water_one_cm":1719,"minecraft:jump":220,"minecraft:leave_game":2,"minecraft:walk_on_water_one_cm":2485,"minecraft:time_since_death":5209,"minecraft:total_world_time":18387,"minecraft:fall_one_cm":13661},"minecraft:dropped":{"minecraft:wheat_seeds":3,"minecraft:string":1}},"DataVersion":3465}