{"stats":{"minecraft:broken":{"minecraft:stone_pickaxe":1,"minecraft:leather_chestplate":1},"minecraft:killed_by":{"minecraft:player":8,"minecraft:skeleton":1},"minecraft:mined":{"minecraft:dark_oak_planks":8,"dedsafio_3:batidora_legendaria":1,"minecraft:dark_oak_leaves":2,"minecraft:smoker":1,"minecraft:dark_oak_log":48,"minecraft:brewing_stand":1,"minecraft:crafting_table":1,"minecraft:granite":2,"minecraft:grass_block":3,"minecraft:poppy":1,"minecraft:tall_grass":3,"minecraft:rooted_dirt":1,"minecraft:hay_block":5,"minecraft:cactus":1,"minecraft:wheat":2,"minecraft:iron_ore":51,"minecraft:grass":9,"minecraft:coal_ore":93,"minecraft:dirt":3,"minecraft:stone":52,"minecraft:gold_ore":5,"minecraft:orange_bed":1},"minecraft:picked_up":{"minecraft:wheat":1,"minecraft:crafting_table":1,"minecraft:coarse_dirt":3,"minecraft:leather_chestplate":2,"minecraft:cooked_beef":65,"minecraft:leather":3,"minecraft:smoker":1,"dedsafio_3:cetro_ancestral":3,"minecraft:brewing_stand":1,"deep_dark_regrowth:mossy_fluorite":2,"minecraft:shield":1,"minecraft:dirt":18,"minecraft:string":1,"minecraft:iron_axe":2,"minecraft:wheat_seeds":9,"minecraft:raw_gold":5,"minecraft:rabbit_hide":1,"dedsafio_3:sc_3":1,"minecraft:beef":7,"minecraft:stone_pickaxe":2,"minecraft:poppy":1,"minecraft:rabbit":1,"dedsafio_3:brocoli":1,"minecraft:iron_boots":2,"minecraft:dark_oak_sapling":1,"minecraft:raw_iron":51,"deep_dark_regrowth:ancient_illusioner_mask_helmet":1,"minecraft:torch":1,"minecraft:rabbit_foot":1,"minecraft:dark_oak_log":47,"minecraft:spider_eye":2,"minecraft:dark_oak_planks":6,"minecraft:orange_bed":1,"minecraft:stone_sword":2,"minecraft:cactus":1,"minecraft:slime_ball":2,"minecraft:chainmail_leggings":2,"minecraft:hay_block":5,"minecraft:granite":1,"dedsafio_3:batidora_legendaria":1,"minecraft:chainmail_helmet":2,"minecraft:rooted_dirt":1,"minecraft:coal":90,"minecraft:cobblestone":56},"minecraft:killed":{"dedsafio_3:sapo":2,"minecraft:rabbit":1,"minecraft:spider":2,"deep_dark_regrowth:sculk_parasite":1,"minecraft:zombie":1,"dedsafio_3:fantasma_rojo":1,"minecraft:cow":3},"minecraft:used":{"minecraft:stone_sword":25,"minecraft:stone_pickaxe":132,"minecraft:poppy":1,"minecraft:shield":10,"minecraft:leather_chestplate":2,"minecraft:iron_sword":23,"minecraft:chainmail_helmet":2,"dedsafio_3:batidora_legendaria":1,"minecraft:torch":19,"minecraft:dirt":17,"minecraft:crafting_table":3,"minecraft:dark_oak_planks":46,"minecraft:iron_axe":73,"minecraft:rooted_dirt":1,"dedsafio_3:sc_3":1,"deep_dark_regrowth:ancient_illusioner_mask_helmet":1,"minecraft:iron_pickaxe":85,"minecraft:iron_boots":2,"minecraft:furnace":2,"minecraft:cooked_beef":13,"minecraft:coarse_dirt":3,"minecraft:chainmail_leggings":2},"minecraft:crafted":{"minecraft:crafting_table":2,"minecraft:iron_sword":1,"minecraft:furnace":2,"minecraft:air":0,"minecraft:iron_chestplate":1,"minecraft:stick":12,"minecraft:iron_pickaxe":1,"minecraft:iron_ingot":15,"minecraft:dark_oak_planks":188,"minecraft:torch":32},"minecraft:custom":{"minecraft:interact_with_furnace":13,"minecraft:mob_kills":11,"minecraft:interact_with_crafting_table":12,"minecraft:leave_game":1,"minecraft:time_since_death":12105,"minecraft:time_since_rest":12206,"minecraft:sprint_one_cm":105654,"minecraft:open_enderchest":1,"minecraft:damage_taken":5536,"minecraft:walk_one_cm":262613,"minecraft:damage_blocked_by_shield":676,"minecraft:drop":13,"minecraft:damage_dealt":2393,"minecraft:swim_one_cm":9504,"minecraft:fly_one_cm":250068,"minecraft:player_kills":1,"minecraft:open_chest":2,"minecraft:crouch_one_cm":4184,"minecraft:play_time":67096,"minecraft:deaths":14,"minecraft:sneak_time":1514,"minecraft:walk_under_water_one_cm":2764,"minecraft:jump":1101,"minecraft:walk_on_water_one_cm":10027,"minecraft:total_world_time":67096,"minecraft:fall_one_cm":37845},"minecraft:dropped":{"minecraft:cooked_beef":1,"minecraft:stone_sword":1,"dedsafio_3:brocoli":1,"minecraft:iron_boots":1,"minecraft:chainmail_helmet":1,"minecraft:leather_chestplate":1,"dedsafio_3:cetro_ancestral":2,"minecraft:spider_eye":2,"minecraft:iron_axe":1,"minecraft:stone_pickaxe":1,"minecraft:chainmail_leggings":1}},"DataVersion":3465}