{"stats":{"minecraft:broken":{"minecraft:leather_chestplate":1},"minecraft:killed_by":{"minecraft:player":8,"minecraft:skeleton":1},"minecraft:mined":{"minecraft:dark_oak_planks":8,"dedsafio_3:batidora_legendaria":1,"minecraft:dark_oak_leaves":2,"minecraft:dark_oak_log":48,"minecraft:granite":2,"minecraft:grass_block":2,"minecraft:poppy":1,"minecraft:tall_grass":3,"minecraft:rooted_dirt":1,"minecraft:iron_ore":43,"minecraft:grass":8,"minecraft:coal_ore":26,"minecraft:dirt":3,"minecraft:stone":38},"minecraft:picked_up":{"minecraft:coarse_dirt":3,"minecraft:leather_chestplate":2,"minecraft:cooked_beef":65,"minecraft:leather":3,"dedsafio_3:cetro_ancestral":3,"deep_dark_regrowth:mossy_fluorite":2,"minecraft:shield":1,"minecraft:dirt":17,"minecraft:string":1,"minecraft:iron_axe":2,"minecraft:wheat_seeds":2,"dedsafio_3:sc_3":1,"minecraft:beef":7,"minecraft:stone_pickaxe":2,"minecraft:poppy":1,"dedsafio_3:brocoli":1,"minecraft:iron_boots":2,"minecraft:dark_oak_sapling":1,"minecraft:raw_iron":43,"deep_dark_regrowth:ancient_illusioner_mask_helmet":1,"minecraft:torch":1,"minecraft:dark_oak_log":47,"minecraft:spider_eye":2,"minecraft:dark_oak_planks":6,"minecraft:stone_sword":2,"minecraft:slime_ball":1,"minecraft:chainmail_leggings":2,"minecraft:granite":1,"dedsafio_3:batidora_legendaria":1,"minecraft:chainmail_helmet":2,"minecraft:rooted_dirt":1,"minecraft:coal":26,"minecraft:cobblestone":42},"minecraft:killed":{"dedsafio_3:sapo":1,"minecraft:spider":2,"deep_dark_regrowth:sculk_parasite":1,"dedsafio_3:fantasma_rojo":1,"minecraft:cow":3},"minecraft:used":{"minecraft:stone_sword":25,"minecraft:stone_pickaxe":110,"minecraft:poppy":1,"minecraft:shield":8,"minecraft:leather_chestplate":2,"minecraft:iron_sword":14,"minecraft:chainmail_helmet":2,"dedsafio_3:batidora_legendaria":1,"minecraft:torch":12,"minecraft:dirt":15,"minecraft:crafting_table":1,"minecraft:dark_oak_planks":17,"minecraft:iron_axe":71,"minecraft:rooted_dirt":1,"dedsafio_3:sc_3":1,"deep_dark_regrowth:ancient_illusioner_mask_helmet":1,"minecraft:iron_boots":2,"minecraft:furnace":1,"minecraft:cooked_beef":10,"minecraft:coarse_dirt":3,"minecraft:chainmail_leggings":2},"minecraft:crafted":{"minecraft:crafting_table":1,"minecraft:iron_sword":1,"minecraft:furnace":1,"minecraft:air":0,"minecraft:iron_chestplate":1,"minecraft:stick":8,"minecraft:iron_ingot":15,"minecraft:dark_oak_planks":188,"minecraft:torch":16},"minecraft:custom":{"minecraft:interact_with_furnace":12,"minecraft:mob_kills":8,"minecraft:interact_with_crafting_table":10,"minecraft:leave_game":1,"minecraft:time_since_death":105,"minecraft:time_since_rest":206,"minecraft:sprint_one_cm":77925,"minecraft:open_enderchest":1,"minecraft:damage_taken":5294,"minecraft:walk_one_cm":214149,"minecraft:damage_blocked_by_shield":556,"minecraft:drop":13,"minecraft:damage_dealt":2079,"minecraft:swim_one_cm":8075,"minecraft:fly_one_cm":207497,"minecraft:player_kills":1,"minecraft:crouch_one_cm":3965,"minecraft:play_time":55096,"minecraft:deaths":14,"minecraft:sneak_time":1293,"minecraft:walk_under_water_one_cm":2681,"minecraft:jump":841,"minecraft:walk_on_water_one_cm":9668,"minecraft:total_world_time":55096,"minecraft:fall_one_cm":34096},"minecraft:dropped":{"minecraft:cooked_beef":1,"minecraft:stone_sword":1,"dedsafio_3:brocoli":1,"minecraft:iron_boots":1,"minecraft:chainmail_helmet":1,"minecraft:leather_chestplate":1,"dedsafio_3:cetro_ancestral":2,"minecraft:spider_eye":2,"minecraft:iron_axe":1,"minecraft:stone_pickaxe":1,"minecraft:chainmail_leggings":1}},"DataVersion":3465}