{"stats":{"minecraft:mined":{"minecraft:grass":4,"minecraft:poppy":1,"dedsafio_3:batidora_legendaria":1,"minecraft:tall_grass":2},"minecraft:picked_up":{"deep_dark_regrowth:ancient_illusioner_mask_helmet":1,"dedsafio_3:sc_3":1,"dedsafio_3:batidora_legendaria":1,"dedsafio_3:cetro_ancestral":3,"minecraft:poppy":1,"dedsafio_3:brocoli":1},"minecraft:used":{"deep_dark_regrowth:ancient_illusioner_mask_helmet":1,"dedsafio_3:sc_3":1,"minecraft:poppy":1,"dedsafio_3:batidora_legendaria":1},"minecraft:custom":{"minecraft:time_since_rest":1965,"minecraft:crouch_one_cm":2734,"minecraft:walk_one_cm":74762,"minecraft:play_time":15754,"minecraft:sprint_one_cm":18986,"minecraft:damage_taken":929,"minecraft:deaths":4,"minecraft:sneak_time":682,"minecraft:drop":3,"minecraft:jump":180,"minecraft:damage_dealt":172,"minecraft:time_since_death":1934,"minecraft:total_world_time":15754,"minecraft:fall_one_cm":2403,"minecraft:fly_one_cm":40574},"minecraft:dropped":{"dedsafio_3:cetro_ancestral":2,"dedsafio_3:brocoli":1}},"DataVersion":3465}