{"stats":{"minecraft:broken":{"minecraft:stone_pickaxe":1,"minecraft:leather_chestplate":1},"minecraft:killed_by":{"minecraft:player":8,"minecraft:skeleton":1},"minecraft:mined":{"minecraft:dark_oak_planks":8,"dedsafio_3:batidora_legendaria":1,"minecraft:dark_oak_leaves":2,"minecraft:smoker":1,"minecraft:dark_oak_log":48,"minecraft:brewing_stand":1,"minecraft:crafting_table":2,"minecraft:granite":2,"minecraft:grass_block":3,"minecraft:poppy":1,"minecraft:dead_bush":4,"minecraft:tall_grass":3,"minecraft:sugar_cane":10,"minecraft:rooted_dirt":1,"minecraft:hay_block":5,"minecraft:cactus":2,"minecraft:furnace":1,"minecraft:fire":2,"minecraft:wheat":2,"minecraft:iron_ore":55,"minecraft:grass":9,"minecraft:coal_ore":107,"minecraft:sand":10,"minecraft:dirt":3,"minecraft:stone":54,"minecraft:gold_ore":5,"minecraft:orange_bed":1},"minecraft:picked_up":{"minecraft:wheat":1,"minecraft:crafting_table":2,"minecraft:coarse_dirt":3,"minecraft:leather_chestplate":2,"minecraft:cooked_beef":65,"minecraft:leather":3,"minecraft:smoker":1,"dedsafio_3:cetro_ancestral":3,"minecraft:brewing_stand":1,"deep_dark_regrowth:mossy_fluorite":2,"minecraft:shield":1,"minecraft:dirt":34,"minecraft:string":1,"minecraft:iron_axe":2,"minecraft:wheat_seeds":17,"minecraft:raw_gold":5,"minecraft:rabbit_hide":1,"dedsafio_3:sc_3":2,"minecraft:beef":7,"minecraft:stone_pickaxe":2,"minecraft:poppy":1,"minecraft:rabbit":1,"minecraft:sugar_cane":21,"dedsafio_3:brocoli":1,"minecraft:iron_boots":2,"minecraft:furnace":1,"minecraft:stick":6,"minecraft:dark_oak_sapling":1,"minecraft:raw_iron":54,"deep_dark_regrowth:ancient_illusioner_mask_helmet":1,"minecraft:sand":9,"minecraft:torch":1,"minecraft:rabbit_foot":1,"minecraft:dark_oak_log":47,"minecraft:spider_eye":2,"minecraft:dark_oak_planks":6,"minecraft:orange_bed":1,"minecraft:stone_sword":2,"minecraft:cactus":3,"minecraft:slime_ball":2,"minecraft:chainmail_leggings":2,"minecraft:hay_block":5,"minecraft:granite":1,"dedsafio_3:batidora_legendaria":1,"minecraft:chainmail_helmet":2,"minecraft:rooted_dirt":1,"minecraft:coal":161,"minecraft:cobblestone":58},"minecraft:killed":{"dedsafio_3:sapo":2,"minecraft:rabbit":1,"minecraft:spider":2,"deep_dark_regrowth:sculk_parasite":1,"minecraft:zombie":1,"dedsafio_3:fantasma_rojo":1,"minecraft:cow":3},"minecraft:used":{"minecraft:stone_sword":25,"minecraft:flint_and_steel":1,"minecraft:stone_pickaxe":132,"minecraft:poppy":1,"minecraft:shield":10,"minecraft:leather_chestplate":2,"minecraft:iron_sword":24,"minecraft:chainmail_helmet":2,"dedsafio_3:batidora_legendaria":1,"minecraft:torch":21,"minecraft:dirt":17,"minecraft:crafting_table":3,"minecraft:dark_oak_planks":46,"minecraft:lava_bucket":2,"minecraft:iron_axe":74,"minecraft:rooted_dirt":1,"dedsafio_3:sc_3":2,"deep_dark_regrowth:ancient_illusioner_mask_helmet":1,"minecraft:iron_pickaxe":119,"minecraft:iron_boots":2,"minecraft:furnace":2,"minecraft:bucket":3,"minecraft:cooked_beef":14,"minecraft:coarse_dirt":3,"minecraft:chainmail_leggings":2},"minecraft:crafted":{"minecraft:crafting_table":2,"minecraft:iron_sword":1,"minecraft:furnace":2,"minecraft:bucket":1,"minecraft:bread":15,"minecraft:air":0,"minecraft:iron_boots":1,"minecraft:iron_chestplate":1,"minecraft:stick":12,"minecraft:iron_pickaxe":1,"minecraft:iron_ingot":27,"minecraft:gold_ingot":5,"minecraft:iron_leggings":1,"minecraft:dark_oak_planks":188,"minecraft:torch":32,"minecraft:wheat":45},"minecraft:custom":{"minecraft:interact_with_furnace":22,"minecraft:mob_kills":11,"minecraft:interact_with_crafting_table":20,"minecraft:leave_game":2,"minecraft:time_since_death":2759,"minecraft:time_since_rest":2884,"minecraft:sprint_one_cm":124433,"minecraft:open_enderchest":1,"minecraft:damage_taken":6151,"minecraft:walk_one_cm":287488,"minecraft:damage_blocked_by_shield":676,"minecraft:drop":25,"minecraft:damage_dealt":2393,"minecraft:swim_one_cm":11324,"minecraft:fly_one_cm":310425,"minecraft:player_kills":1,"minecraft:open_chest":6,"minecraft:crouch_one_cm":4840,"minecraft:play_time":79916,"minecraft:deaths":16,"minecraft:sneak_time":1722,"minecraft:walk_under_water_one_cm":3286,"minecraft:jump":1307,"minecraft:walk_on_water_one_cm":15864,"minecraft:total_world_time":79916,"minecraft:fall_one_cm":42347},"minecraft:dropped":{"minecraft:wheat_seeds":17,"minecraft:cooked_beef":1,"minecraft:stone_sword":1,"minecraft:dark_oak_sapling":1,"minecraft:wheat":1,"dedsafio_3:brocoli":1,"minecraft:iron_boots":1,"minecraft:granite":1,"minecraft:chainmail_helmet":1,"minecraft:stick":1,"minecraft:dirt":1,"minecraft:rabbit_hide":1,"minecraft:leather_chestplate":1,"dedsafio_3:cetro_ancestral":2,"minecraft:torch":1,"minecraft:spider_eye":2,"minecraft:slime_ball":2,"minecraft:sand":9,"minecraft:iron_axe":1,"minecraft:stone_pickaxe":1,"minecraft:chainmail_leggings":1}},"DataVersion":3465}