{"stats":{"minecraft:killed_by":{"minecraft:player":1},"minecraft:mined":{"dedsafio_3:batidora_legendaria":1,"minecraft:grass":7,"minecraft:grass_block":1,"minecraft:poppy":1,"minecraft:dirt":1,"minecraft:tall_grass":3,"minecraft:rooted_dirt":1},"minecraft:picked_up":{"minecraft:coarse_dirt":3,"minecraft:leather_chestplate":2,"minecraft:cooked_beef":65,"deep_dark_regrowth:ancient_illusioner_mask_helmet":1,"dedsafio_3:cetro_ancestral":3,"deep_dark_regrowth:mossy_fluorite":2,"minecraft:shield":1,"minecraft:dirt":15,"minecraft:spider_eye":2,"minecraft:string":1,"minecraft:iron_axe":2,"minecraft:stone_sword":2,"minecraft:wheat_seeds":2,"minecraft:chainmail_leggings":2,"dedsafio_3:sc_3":1,"dedsafio_3:batidora_legendaria":1,"minecraft:stone_pickaxe":2,"minecraft:chainmail_helmet":2,"minecraft:poppy":1,"minecraft:rooted_dirt":1,"dedsafio_3:brocoli":1,"minecraft:iron_boots":2},"minecraft:used":{"minecraft:stone_sword":10,"minecraft:rooted_dirt":1,"dedsafio_3:sc_3":1,"deep_dark_regrowth:ancient_illusioner_mask_helmet":1,"minecraft:poppy":1,"minecraft:leather_chestplate":2,"minecraft:chainmail_helmet":2,"minecraft:iron_boots":2,"dedsafio_3:batidora_legendaria":1,"minecraft:dirt":4,"minecraft:cooked_beef":5,"minecraft:coarse_dirt":3,"minecraft:chainmail_leggings":2},"minecraft:killed":{"deep_dark_regrowth:sculk_parasite":1,"minecraft:spider":2},"minecraft:custom":{"minecraft:time_since_rest":13697,"minecraft:open_enderchest":1,"minecraft:sprint_one_cm":44947,"minecraft:damage_taken":1769,"minecraft:walk_one_cm":152648,"minecraft:mob_kills":3,"minecraft:drop":13,"minecraft:damage_dealt":959,"minecraft:swim_one_cm":6134,"minecraft:player_kills":1,"minecraft:fly_one_cm":102678,"minecraft:play_time":33754,"minecraft:crouch_one_cm":3445,"minecraft:deaths":5,"minecraft:sneak_time":948,"minecraft:walk_under_water_one_cm":1631,"minecraft:jump":424,"minecraft:walk_on_water_one_cm":3153,"minecraft:time_since_death":13645,"minecraft:total_world_time":33754,"minecraft:fall_one_cm":12865},"minecraft:dropped":{"minecraft:leather_chestplate":1,"dedsafio_3:cetro_ancestral":2,"minecraft:cooked_beef":1,"minecraft:stone_sword":1,"dedsafio_3:brocoli":1,"minecraft:iron_boots":1,"minecraft:spider_eye":2,"minecraft:iron_axe":1,"minecraft:stone_pickaxe":1,"minecraft:chainmail_leggings":1,"minecraft:chainmail_helmet":1}},"DataVersion":3465}